{"cameraMode":{"drawMode":0,"name":"Shaded","section":"Shading Mode"},"sceneLighting":false,"audioPlay":false,"sceneViewState":{"m_AlwaysRefresh":false,"showFog":true,"showSkybox":false,"showFlares":true,"showImageEffects":true,"showParticleSystems":true,"showVisualEffectGraphs":true,"m_FxEnabled":true},"in2DMode":false,"pivot":{"x":-0.28999999165534975,"y":0.7739999294281006,"z":0.2579190135002136},"rotation":{"x":-0.18309278786182404,"y":0.5713216662406921,"z":-0.13255923986434937,"w":-0.7890556454658508},"size":1.9801968336105347,"orthographic":false}